run_id,editor_profile,humanizer_profile,platform,language,humanized_content
"1","professional","friendly_english_v1","linkedin","en","OMG, big news for Alzheimer's! 🤯 The US FDA just gave the green light to a NEW blood test that can help doctors figure out if cognitive issues are linked to Alzheimer's disease. This is a huge step forward! 🩸🧠

Here’s what you need to know:
*   It's called Elecsys pTau181 and it's the FIRST blood-based Alzheimer's test approved for use by your regular primary care doctor! 🎉
*   Developed by Roche & Eli Lilly, it looks for a special protein (pTau181) in your blood that’s a marker for Alzheimer's.
*   The goal? To help rule out an Alzheimer's diagnosis if your cognitive changes might be due to something else.
*   This means potentially saying goodbye to some of those more invasive tests (like spinal taps 😬) or complex brain scans for early screening! ✨

And get this, another test called Lumipulse also got approved earlier! This one helps confirm a negative Alzheimer's status with amazing accuracy (97%!). Both of these tests are showing incredible potential to make diagnosis much easier and more accessible. 🙏

BUT, and this is important! 🧐 While these tests are amazing for a first step, doctors want us to remember:
*   They're a *tool* to help your doctor, not a replacement for a full clinical evaluation. Your neurologist will still do a comprehensive check. 👩‍⚕️
*   Sometimes results might be a bit fuzzy, so careful interpretation by your doctor is key.
*   They’re best for folks already noticing some cognitive changes, not just for general screening.

The really good news? This could mean so many more people get screened earlier, leading to faster support and interventions! 💖 Imagine the clarity and peace of mind this could bring to families. Industry experts think this is just the beginning, with more advancements to come!

What do you think about these new developments in Alzheimer's diagnosis? Share your thoughts below! 👇

#Alzheimers #BrainHealth #EarlyDetection #MedicalBreakthrough #FDAApproved #HealthInnovation #NewTest"
"1","professional","friendly_english_v1","x","en","Hey everyone! 👋 Big news in the world of Alzheimer's diagnostics! 🧠 The US FDA just gave the green light to a brand new blood test that can help doctors tell if cognitive issues are linked to Alzheimer's or something else. This is a game-changer! 🎉

It's called Elecsys pTau181, and get this – it's the FIRST blood-based test approved for use right in your primary care doctor's office. 🩺 How cool is that for accessibility?

What does it do?
*   It measures a specific protein called pTau181 in your blood plasma. 🧪
*   This protein is a key biomarker for Alzheimer's neuropathology.
*   It's super helpful for ruling out Alzheimer's as a potential diagnosis. ✨

Why is this so awesome?
Traditionally, figuring out an Alzheimer's diagnosis often meant more invasive procedures like spinal taps or complex brain scans. 😬 But these new blood tests offer a less invasive and much more accessible initial step for evaluating cognitive concerns! They work hand-in-hand with existing tools to give a clearer picture. 💡

And guess what? Another blood test, Lumipulse, also received approval, measuring different important ratios! Studies showed Lumipulse was incredibly accurate, confirming negative Alzheimer's diagnoses in 97% of individuals! 🙌

Important stuff to remember though:
While these tests are incredibly promising, experts advise a bit of caution when interpreting the results. 🤔 Sometimes, outcomes can be a little ambiguous, especially in what's called a ""grey zone."" Plus, they're not meant to completely replace all the comprehensive clinical evaluations your doctor does. They're a powerful new tool, not the whole answer!

But the potential is HUGE! Think about all the people with mild memory issues who might remain undiagnosed. These tests could lead to earlier detection and intervention, which is SO important for patient care. ❤️

More FDA-approved blood tests mean better access for everyone and faster, clearer answers about cognitive concerns! This field is growing fast, and we can expect even more incredible advancements to come. 🚀

What do you think about this breakthrough? Share your thoughts below! 👇

#AlzheimersResearch #MedicalBreakthrough #BrainHealth #EarlyDetection #NewTech"
"1","professional","friendly_english_v1","facebook","en","Hey everyone! 👋 Did you hear the amazing news from the FDA? There's a breakthrough that could totally change how we diagnose Alzheimer's! 🧠

The US FDA just approved a brand new blood test specifically for Alzheimer's disease! 🔬 It's called Elecsys pTau181, and it's a game-changer because:
*   It helps tell the difference between Alzheimer's and other types of memory issues. Confusing, right? This test helps clear that up! 🤔
*   This is the FIRST ever blood test approved for use in regular doctor's offices for this! No more waiting for super specialized clinics just to get started. 🏥

So, what does it do? Basically, it looks for a specific type of protein (pTau181) in your blood that's linked to Alzheimer's. Think of it like a tiny clue helping doctors piece together the puzzle! 🧩 It's way less invasive than the old ways like spinal taps or expensive brain scans. Talk about a relief! 🙏

And get this, there's another cool test called Lumipulse already out there doing similar great work! These new tools are really shaking things up. ✨

BUT, let's keep it real. While this is super exciting, experts are saying we still need to be a bit careful. It's not a standalone 'yes/no' answer just yet. 🛑
*   Sometimes, results might be a bit fuzzy, what neurologists call a 'grey zone.' 🧐 So, your doctor might still need more info to give a final diagnosis. Patience is key! ⏳
*   These blood tests are amazing tools, but they don't replace a full check-up and expert doctor's evaluation. Your brain is complex, and so is its care! ❤️‍🩹

Still, this is HUGE for early detection! Think about all the people with mild cognitive impairment who could get answers sooner and potentially benefit from early interventions. This means better access and faster insights for so many! 🌟 The future of Alzheimer's diagnosis is looking brighter than ever with these advancements! The competition in this field means even better tests are likely on the way. 🚀

What do you think about these amazing leaps in medical technology? Share your thoughts below! 👇

#Alzheimers #BloodTest #MedicalBreakthrough #EarlyDetection #HealthcareInnovation #FDAapproved"
"1","professional","friendly_english_v1","threads","en","OMG, did you hear the amazing news?! 🤩 There's been a truly groundbreaking step forward in how we might diagnose Alzheimer's disease!

The U.S. FDA just approved a brand new blood test! 🎉 It's called Elecsys pTau181, and it's the FIRST ever blood-based diagnostic solution approved for use in primary care settings. How cool is that?!

Here’s why this is such a HUGE deal:
*   It helps doctors tell if cognitive decline is linked to Alzheimer's, or if it might be something else. 🤔
*   It's a simple blood test! That means way less invasive than current methods like spinal taps or expensive brain scans. Phew! 🩸
*   This test, developed by Roche and Eli Lilly, looks for a specific protein (pTau181) that changes when Alzheimer's disease pathology is present.
*   It showed awesome accuracy, ruling out Alzheimer's disease with 91% certainty in clinical trials! 👏

This really could change the game for early screening and making diagnosis more accessible for so many people! Imagine getting answers sooner and starting care earlier. 💖

Now, a little expert advice to keep in mind:
*   While these blood tests are super promising, doctors say we still need to be careful interpreting the results. 🧠
*   They’re a fantastic screening tool, but they don't replace a full clinical evaluation and neurologist's expertise for a definitive diagnosis. Your doctor is still key! 👩‍⚕️
*   These tests are best used for individuals who are already showing some cognitive symptoms.

But honestly, the future looks bright! This is a massive leap towards earlier detection and getting people the support they need sooner. Plus, with more tests emerging (like Lumipulse, which also measures important markers!), we're seeing incredible progress in this field. 🚀

What do YOU think about these exciting new advancements in Alzheimer's diagnosis? Share your thoughts below! 👇

#AlzheimersResearch #MedicalBreakthrough #EarlyDetection #HealthcareInnovation #BloodTest"
"1","professional","friendly_korean_v1","linkedin","kor","🎉 여러분, 대박 소식이에요! ✨
알츠하이머병 진단에 혁신적인 변화가 찾아왔다고 해요! 🥳

미국 FDA가 드디어 새로운 혈액 검사를 승인했거든요. 🩸
바로 'Elecsys pTau181'이라는 진단법인데요! 🧪

이 검사가 왜 중요하냐고요?
*   그동안은 허리에서 뇌척수액을 뽑거나, 복잡한 뇌 영상 검사를 해야 했죠. 🥺
*   이제는 피만 뽑으면 알츠하이머와 관련된 인지 저하인지, 다른 원인인지 구별하는 데 큰 도움을 줄 수 있대요! 👍
*   병원에서 손쉽게 받을 수 있는 최초의 혈액 검사라서 접근성이 확 높아졌어요! 🏥

로슈와 일라이 릴리가 함께 개발했는데, 혈액 속 'pTau181'이라는 특정 단백질을 측정해서 알츠하이머병 여부를 파악하는 방식이래요. 🧠💡

사실 이전에도 'Lumipulse'라는 다른 혈액 검사가 승인되면서 이런 변화의 시작을 알렸었죠! 😊 이제 더 많은 혈액 검사들이 나올 예정이라고 해요.

하지만 전문가들은 몇 가지 주의사항도 강조했어요. 🤔
*   혈액 검사 결과만으로 알츠하이머병을 100% 확정 진단할 수는 없어요. 🙅‍♀️
*   결과가 모호하게 나올 수도 있어서 꼭 신경과 전문의의 종합적인 진단이 필요하답니다! 👨‍⚕️
*   특히 증상이 있는 분들에게 더 유용하다고 해요.

그럼에도 불구하고! 이 혈액 검사 덕분에 초기 치매 같은 가벼운 인지 저하도 더 빨리 발견할 수 있는 길이 열린 거죠. 💖
앞으로 알츠하이머병 진단이 훨씬 쉬워지고, 더 많은 분들이 제때 도움을 받을 수 있을 것 같아 기대돼요! 🚀

이렇게 간편한 혈액 검사로 알츠하이머병을 미리 알 수 있다면, 정말 마음이 놓일 것 같지 않나요? 여러분의 생각은 어떠세요? 댓글로 알려주세요! 👇

#알츠하이머 #치매진단 #혈액검사 #FDA승인 #건강관리"
"1","professional","friendly_korean_v1","x","kor","알츠하이머병 진단, 드디어 새로운 시대가 열렸어요! ✨ 정말 반가운 소식이죠? 🤩

최근 미국 식품의약국(FDA)에서 알츠하이머병 진단을 돕는 새로운 혈액 검사를 승인했다고 해요! 👏 바로 'Elecsys pTau181'이라는 검사인데요, 알츠하이머병으로 인한 인지 저하를 다른 원인과 구별해낼 수 있대요. 정말 놀랍지 않나요? 💡

이 검사가 왜 특별하냐면요,
 •  피 한 방울로 간편하게 알츠하이머병 위험을 확인할 수 있어요! 🩸
 •  일반 병원에서도 사용할 수 있도록 승인된 최초의 혈액 검사랍니다! 🏥
 •  기존에는 뇌척수액 검사나 복잡한 뇌 영상 촬영 같은 침습적인 방법이 많았거든요. 이제 훨씬 편해지는 거죠! 👍

물론 'Lumipulse' 같은 다른 혈액 검사도 이미 승인받아 알츠하이머병을 배제하는 데 높은 정확도를 보였다고 하니, 혈액 검사 기술이 정말 빠르게 발전하고 있죠? 🚀

하지만! 전문가들은 이 혈액 검사 결과를 너무 맹신하지는 말라고 조언하고 있어요. ⚠️ 왜냐하면요,
 •  '회색 지대(grey zone)'처럼 모호한 결과가 나올 수도 있대요. 🧐
 •  정확도를 나타내는 중요한 수치들이 아직 공개되지 않은 검사들도 있고요.
 •  이 검사들은 '선별' 도구이지, 알츠하이머병을 '확진'하는 최종 진단은 아니라고 해요. 꼭 종합적인 진찰이 필요하답니다! 👩‍⚕️

그래도 이 혈액 검사 덕분에 진단되지 않은 경도 인지 장애를 더 일찍 발견하고, 적절한 치료 시기를 놓치지 않을 수 있는 희망이 생겼어요! 💖 경쟁이 심화되면서 앞으로 더 정확하고 좋은 검사들이 많이 나올 거고요. 🥳

알츠하이머병 진단에 이렇게 획기적인 발전이 생긴다는 소식, 여러분은 어떻게 생각하시나요? 댓글로 알려주세요! 👇

#알츠하이머 #치매 #혈액검사 #FDA승인 #건강정보"
"1","professional","friendly_korean_v1","facebook","kor","알츠하이머 진단, 이제 훨씬 쉬워질 것 같아요! 🥳 대박 소식 들으셨나요?

미국 식품의약국(FDA)이 알츠하이머 관련 인지 저하를 구별하는 새로운 혈액 검사를 승인했대요! 🧪✨

📌 주요 포인트는 이거예요!
*   이름은 'Elecsys pTau181'!
*   가장 중요한 점은, 1차 진료 환경에서 승인된 최초의 혈액 기반 검사라는 거죠! 😮
*   피 속의 'pTau181' 단백질을 측정해서, 알츠하이머병 진단을 배제하는 데 큰 도움을 준대요.👍

예전에는 진단하려면... 🥲
침습적인 척수액 검사나 비싼 뇌 영상 촬영 같은 힘든 과정이 필요했죠.
하지만 이제는 덜 침습적이고 접근성도 좋은 초기 검사가 생긴 거예요! 기존 검사들과도 찰떡궁합! 🥰

➕ 또 다른 혈액 검사, '루미펄스'도 있어요!
이건 pTau217과 아밀로이드 비율을 재는데, 알츠하이머가 아닐 경우 97%의 정확도로 딱! 맞춰냈대요. 👏💯

물론, 주의할 점도 있어요! 🚨
*   전문가들은 '그래도 결과 해석은 신중하게 해야 해요!' 라고 강조했어요. 🤔
*   왜냐하면 '회색 영역' 같은 애매한 결과가 나올 수도 있거든요. 🧐
*   일부 검사는 정확도를 나타내는 '민감도'나 '특이도' 데이터가 부족하단 얘기도 있구요. 😥

이 혈액 검사들이 알츠하이머를 '배제'하는 데는 좋지만, 완전히 진단을 '대체'할 순 없대요. 🙅‍♀️ 신경과 선생님들은 '인지 문제가 있는 분들께만 활용해야 한다'고 강조하셨어요! 🧠

그래도 아직 진단 못 받은 경도 인지 장애 환자분들께는 희망적인 소식이죠! 조기 발견과 치료에 큰 도움이 될 거예요. 💖

앞으로 더 많은 혈액 검사들이 FDA 승인을 받으면, 환자분들이 더 쉽게 진단받고, 빠르게 인지 문제를 파악할 수 있을 거라 기대돼요. 🚀✨ 이 분야의 경쟁이 치열해지면서, 더 정확하고 효과적인 검사들이 계속 나올 거구요! 🤩

이런 새로운 진단법에 대해 여러분은 어떻게 생각하세요? 여러분의 의견도 들려주세요! 👇

#알츠하이머 #혈액검사 #치매예방 #의료기술 #건강정보"
"1","professional","friendly_korean_v1","threads","kor","와우! 📢 드디어 알츠하이머 진단 분야에 정말 반가운 소식이 도착했어요! 🥳 미국 FDA가 알츠하이머 관련 인지 기능 저하를 감별 진단하는 데 도움을 줄 새로운 혈액 검사를 승인했다고 해요! 👏

이름은 'Elecsys pTau181' 인데요, 정말 중요한 건요! 👇
*   우리 동네 병원 같은 1차 진료 환경에서 승인된 최초의 '혈액 기반 진단 도구'라는 점! 🩸
*   로슈랑 일라이 릴리가 함께 개발했는데, 혈액 속 특정 단백질(pTau181)을 측정해서 알츠하이머병 여부를 파악하는 방식이래요. 🤔
*   기존에는 허리를 찔러서 검사하거나 (으으 😥) 비싼 뇌 영상 검사를 해야 했잖아요? 이제 훨씬 편하고 접근하기 쉬운 방법이 생긴 거죠! 👍

참, '루미펄스'라는 다른 혈액 검사도 이미 승인되어 사용 중이래요. 이것도 정확도가 꽤 높아서 알츠하이머병이 아닌 경우를 97%나 잘 골라냈다고 해요! 대단하죠? ✨

물론 전문가들은 혈액 검사 결과 해석에 아주 신중해야 한다고 당부하고 있어요. 🧐
*   가끔 '회색 영역'이라고 부르는, 애매한 결과가 나올 수도 있대요. 🤷‍♀️
*   그래서 이 검사만으로 ""딱 이거다!"" 하고 확정하는 건 아직 어렵다고 하네요. 꼭 다른 검사들이랑 같이 봐야 더 정확한 진단이 가능하대요! 🤝

그래도 정말 희망적인 소식인 건 확실해요! 💖
*   특히 기억력 감퇴 같은 인지 증상이 있는 분들을 더 일찍 발견하고, 더 빨리 치료를 시작할 수 있는 길이 열린 거잖아요! 💡
*   아직 알츠하이머병 진단받지 못한 경도 인지 장애(MCI) 환자분들께도 큰 희망이 될 거예요. 🌈
*   앞으로 혈액 검사 기술이 계속 발전하면서 알츠하이머병 진단과 예측이 훨씬 더 정확해질 거라고 하니 기대되네요! 🙏

이렇게 편하고 새로운 검사가 더 많이 생기면, 혹시 우리 부모님이나 주변 지인분들이 검사받는 것도 좀 더 쉬워지지 않을까요? 여러분은 이 새로운 검사에 대해 어떻게 생각하시나요? 궁금해요! 댓글로 알려주세요! 👇😊

#알츠하이머병 #혈액검사 #치매진단 #새로운기술 #건강정보"
"2","professional","friendly_english_v1","linkedin","en","Hey tech enthusiasts! 👋 Ever heard of something that could literally change how we build things and even heal? ✨ Get ready to dive into Neural Cellular Automata (NCAs)! 🧠 It's basically flipping the script on how we understand complex systems.

Okay, so for a long time, we've watched basic computer ""rules"" create amazing patterns. Think of it like this: ""If this happens, then that happens."" Simple, right? But NCAs? They're doing something mind-blowing:

*   Instead of starting with rules and seeing what happens...
*   You tell it what *outcome* you want (like a specific shape or behavior)!
*   And NCAs then FIGURE OUT all the tiny rules needed to make that exact thing happen! 🤯

How cool is that?! This innovative shift is largely thanks to Alexander Mordvintsev, a research scientist at Google Zurich. 🌟

Remember Conway's Game of Life from the 70s? NCAs are like the supercharged, inverted version! Instead of starting with set rules, NCAs begin with a target morphology – maybe a cool biological shape 🧬 – and use advanced machine learning to discover the secret sauce (the rules!) that would produce that precise outcome. Mordvintsev calls it ""complexity by design.""

Think of it like this:
*   Imagine designing a basic component that *self-assembles* into a magnificent cathedral! 🕌
*   Or how individual birds know just what to do to create those mesmerizing murmurations! 🐦

So, why does this matter? The possibilities are HUGE! 👇

*   Regenerative Medicine: Healing powers! NCAs could help us understand how virtual organisms restore damaged parts. This could *profoundly* inform how we develop therapies for human limb regeneration! 🤯 Like, literally help grow back body parts. 🌱
*   Distributed Computing: Smarter, greener computers! 💻 Systems that can operate without a central boss, leading to massive energy efficiency. ♻️

How do they work? NCAs integrate neural networks (like AI brains 🧠) and use continuous variables for cell states, allowing for super fluid, organic patterns. Plus, they can synthesize diverse forms AND exhibit amazing damage resilience – basically, they can *self-heal*! 💪 How awesome is that for robustness?

What's super unique about NCAs is they don't just memorize patterns (like many traditional AIs). They actually recognize the *process* and discover the *rules*. This means they're super adaptable, even when things get a bit chaotic! 🌪️

And the future? Robotics! 🤖 We're not just talking about robot swarms anymore, but unified, multicellular-like robotic systems that can collaborate organically, just like living organisms. Imagine robots that act as one intelligent, self-organizing entity! 🚀

It's a beautiful blend of biology, tech, and complexity science, pushing the boundaries of what's possible. What do YOU think NCAs could revolutionize next? Share your ideas below! 👇

#AITech #FutureIsNow #Innovation #ScienceFacts #ComplexSystems #MachineLearning #RegenerativeMedicine #Robotics"
"2","professional","friendly_english_v1","x","en","Hey everyone! 👋 Did you hear about the latest mind-bending tech that's blurring the lines between biology and AI? Get ready to dive into the super cool world of Neural Cellular Automata (NCA)! 🤯

Normally, we design rules and then see what patterns or structures emerge from them, right? But NCA totally flips that script! 🔄

Here's the lowdown:
*   Instead of making rules first, NCA starts with an *end goal* in mind.
*   Imagine you want to build something specific, like a perfect butterfly 🦋 or a lizard 🦎.
*   NCA uses smart machine learning to figure out *what rules* are needed for it to build itself! How genius is that?! ✨

Think of John Conway’s classic Game of Life – simple rules creating complex patterns. NCA takes that concept, but in reverse! It's like ""complexity engineering,"" where you design tiny ""bricks"" that inherently know how to assemble into an entire cathedral! 🏗️ Nature does this all the time, too, with bird murmurations 🐦 or ant colonies 🐜 working together with simple instructions to create amazing group behaviors.

So, how does it work?
*   These aren't your grandma's cellular automata (just 'on' or 'off'!). NCA cells are super sophisticated, using neural networks (like a mini-brain! 🧠).
*   Their ""states"" are fluid and continuous, allowing them to create truly organic, lifelike behaviors. 🌱
*   They're also incredibly resilient! If you mess up a pattern, NCAs can often *regenerate* it all by themselves! 💪

What makes NCA so special? It doesn't just memorize patterns like some AI. It actually *learns the underlying rules* and processes! This makes it incredibly robust and adaptable, almost like how natural systems evolve. 🌳

And the implications? Oh my goodness, they're HUGE! 🚀
*   Regenerative Medicine: Imagine insights from NCA helping us figure out how to regrow human limbs! 🧬 Just like how virtual butterflies can regenerate their lost segments.
*   Distributed Computing: Think super-efficient computer systems that work without a central brain, saving tons of energy. 💡
*   Robotics: Creating unified, ""multicellular-like"" robots that can collaborate organically, way beyond just simple swarms. Picture robots that truly feel integrated, like biological organisms! 🤖

This tech is truly bringing together biology, computation, and complexity science in a whole new way, just like those early computer pioneers dreamed of. It's truly mind-blowing stuff! 🤯

What future tech are YOU most excited to see NCA help create? Let me know below! 👇

#NCA #AI #MachineLearning #Science #FutureTech #Innovation #Biology #Robotics #TechTrends"
"2","professional","friendly_english_v1","facebook","en","Hey tech enthusiasts! 👋 Get ready to have your mind BLOWN by something truly revolutionary: Neural Cellular Automata (NCA)! 🤯

For ages, scientists have been fascinated by how simple rules can create super complex patterns, kind of like the classic Conway's Game of Life. But imagine flipping that entire idea on its head!

That's exactly what Alexander Mordvintsev at Google Zurich has done with NCA. Instead of saying:
➡️ ""Here are the rules, let's see what emerges!""

NCA says:
➡️ ""Here's the awesome result we want (like a perfect butterfly! 🦋) – now, what are the fundamental rules we need to create it?""

It's like reverse-engineering nature itself! 🧬

So, what makes this such a game-changer?
*   Designing Complexity: Mordvintsev calls it ""designing complexity."" Think of it like designing special bricks that, when vibrated just right, automatically assemble themselves into a magnificent cathedral! 🕌
*   Biological Inspiration: We see similar magic in nature! Bird songs 🐦 and ant colonies 🐜 show how simple interactions lead to amazing group behaviors.

The potential? HUGE!
*   Regenerative Medicine: If a virtual butterfly can fix its own damaged parts, could this teach us how to regenerate human limbs someday?! Imagine the possibilities! ✨
*   Energy-Saving Computing: New kinds of distributed computer systems that build and manage themselves without a central brain, saving massive amounts of energy! 🔋
*   Next-Gen Robotics: Moving beyond simple robot swarms to systems where individual robots organically team up, evolving and collaborating like a living, multicellular organism! 🤖

What's super cool is that NCA doesn't just memorize patterns. It actually *learns* the underlying rules, even with noise, making it incredibly adaptable and robust – much like natural evolution! 💡

This isn't just tech; it's a beautiful blend of biology, computing, and pure genius, bringing us back to the early days when pioneers saw the deep connections between life and computation. 🌍🔬💻

What future innovation are YOU most excited to see NCA unlock? Share your thoughts below! 👇

#NCA #CellularAutomata #AI #MachineLearning #TechInnovation #FutureTech #RegenerativeMedicine #Robotics"
"2","professional","friendly_english_v1","threads","en","Hey science enthusiasts! 👋 Did you hear about the mind-blowing shift happening in the world of Cellular Automata? 🤯 For ages, researchers have been fascinated by how super complex structures can pop up from simple rules. But guess what? Science just flipped the script! 🔄

Enter Neural Cellular Automata (NCA)! This game-changing breakthrough means we can now do the *opposite* of what we used to. Instead of watching patterns unfold from rules, scientists can now start with a desired shape – say, a beautiful butterfly 🦋 or a lizard form – and then figure out the rules needed to create it! Mind = Blown. 💥

This incredible twist comes from pioneering work by Alexander Mordvintsev at Google Zurich, and it's based on concepts like John Conway’s 1970s 'Game of Life.' But NCA takes it further by reversing the process:

*   Old way: Rules 👉 Patterns
*   NCA way: Desired Pattern 👉 Machine Learning finds the Rules! ✨

Think of it like this: Imagine you want to build a magnificent cathedral. 🏰 Instead of just seeing what you can build with random bricks, NCA helps you design the *perfect* bricks that know how to self-assemble into that grand structure! It’s all about designing the building blocks of complexity. 🧱

The potential impact? HUGE! We're talking:
*   Regenerative medicine: Understanding how a virtual butterfly regenerates could one day help us develop treatments for human limb regeneration! 🦵➡️💪
*   Next-gen computing: Imagine energy-efficient, decentralized systems that work without a central brain! 🔋
*   Robotics: Building ""multi-cellular"" robots that cooperate organically, almost like living organisms, with life-like autonomy! 🤖🧠

How does it work? NCA integrates neural networks into cellular automata, using continuous variables for cell states (not just ""on/off""!). This allows for super flexible transitions and organic behavior. It doesn't just memorize patterns; it *learns the rules* dynamically and can even repair itself if damaged! 🤩

This fusion of biology, computing, and complexity science is bringing us closer to a future that feels straight out of sci-fi! 🚀

What amazing things do YOU think we could create with this tech? Share your ideas below! 👇

#NCA #NeuralCellularAutomata #AI #MachineLearning #ScienceBreakthrough #FutureTech #RegenerativeMedicine #Robotics #Innovation"
"2","professional","friendly_korean_v1","linkedin","kor","여러분! 👋 요즘 정말 놀라운 기술 소식이 들려오고 있어요!
혹시 '세포 자동자(Cellular Automata, CA)'라는 거 들어보셨어요? 🤔 간단한 규칙들이 모여 복잡한 패턴을 만들어내는 신기한 기술로 오랫동안 주목받았었죠! 마치 존 콘웨이의 '생명 게임(Game of Life)'처럼요. 🎲

그런데 이제 그 개념을 완전히 뒤집는 '신경 세포 자동자(Neural Cellular Automata, NCA)'가 등장했답니다! 🤯 이게 뭐냐구요?

✨ 한마디로, '역설계(Inverse Engineering)'의 시대가 열린 거예요!

기존 CA는 '규칙'을 주고 '결과'를 예측했다면,
NCA는 🎯 우리가 원하는 '결과물' (예: 특정 모양이나 형태)을 먼저 정하면,
🧠 그 결과물을 만들어낼 수 있는 '규칙'을 스스로 찾아낸다는 거죠! 완전 반대죠? 🔄

이 혁신적인 변화는 구글 취리히의 알렉산더 모르드빈체프 연구원님 덕분인데요! 🧑‍🔬
그는 이걸 '복잡성 공학(Complexity Engineering)'이라고 부른대요. 마치 스스로 성당을 짓는 특별한 '벽돌'을 설계하는 것과 같다고 하네요! 🏰🧱 와, 정말 신기하죠?

어떻게 가능하냐구요? 🧐

1.  기존 CA는 '살아있다/죽었다' 같은 이진법적인 상태만 사용했지만, NCA는 훨씬 부드럽고 연속적인 변수들을 활용해요. 🌱
2.  여기에 신경망 기술을 더해서 시스템이 스스로 규칙을 배우고 만들어내도록 한 거죠! 🧠
3.  그 결과, 원하는 다양한 형태를 만들 수 있고, 심지어 손상된 부분도 스스로 복구하는 '자가 치유' 능력까지 보여준답니다! ✨💪

이 엄청난 기술, 어디에 쓰일까요? 🚀 활용 가능성이 정말 무궁무진해요!

*   💖 재생 의학: 가상 모델이 손상된 부분을 스스로 재생하는 방식을 이해하면, 우리 몸의 조직이나 팔다리 재생 치료에 엄청난 영감을 줄 수 있어요! 🩹
*   🤖 로봇 공학: 여러 로봇들이 마치 하나의 생물처럼 유기적으로 협력하고 움직이는 '다세포 로봇 시스템'을 만들 수 있게 될지도 몰라요! 🤝
*   💡 컴퓨팅 시스템: 중앙 통제 없이 스스로 작동하는, 훨씬 효율적이고 에너지 절약적인 컴퓨터를 만들 수도 있답니다! 💻🔋
*   📚 학습 방법: 기존 AI보다 훨씬 더 튼튼하고 유연하게 정보를 처리하며 학습하는 새로운 방법을 제시할 수 있대요! 🏞️

생물학, 컴퓨팅, 복잡성 과학이 한데 모여 새로운 미래를 열어가는 거죠! 🧬💻🌐
NCA의 발전이 우리 삶을 어떻게 바꿀지, 정말 기대되지 않나요? 여러분은 이 기술로 무엇을 하고 싶으세요? 🤔 댓글로 알려주세요! 👇

#신경세포자동자 #NCA #미래기술 #AI #구글 #혁신기술"
"2","professional","friendly_korean_v1","x","kor","여러분! 요즘 정말 흥미로운 연구 분야가 있어서 소개해 드릴게요. 👀✨ 바로 '셀룰러 오토마타(Cellular Automata, CA)'라는 건데요!

CA는 간단한 규칙들이 모여서 어떻게 복잡한 패턴을 만들어내는지 보여주는 멋진 과학이에요. 마치 벽돌 하나하나가 모여 멋진 성을 만드는 것처럼요! 🧱➡️🏰

그런데 말이죠, 최근에 이 분야가 엄청난 변신을 하고 있대요! 😮 바로 '뉴럴 셀룰러 오토마타(Neural Cellular Automata, NCA)' 덕분이죠!

NCA가 뭘까요? 🤔

1.  기존 CA는 정해진 규칙으로 시작해서 어떤 결과가 나올지 봤잖아요?
2.  NCA는 반대로! 🎯 우리가 원하는 '결과' (예를 들어 나비 모양 🦋이나 도마뱀 몸통 🦎)를 먼저 정해요.
3.  그 다음에 이 결과를 만들어낼 수 있는 '규칙'들을 기계 학습으로 찾아내는 거죠! 🧠💡

이 놀라운 아이디어를 처음 제시한 분이 구글 취리히의 연구원, 알렉산더 모르드빈체프(Alexander Mordvintsev)님이라고 해요. 정말 대단하죠? 👏

모르드빈체프님은 이 방식을 ""디자인을 통한 복잡성(complexity by design)""이라고 설명했어요. 마치 '스스로 조립해서 대성당이 되는 특별한 벽돌'을 만드는 것과 같다고 하네요. 와우! 🤩

이 기술은 어디에 쓰일 수 있을까요? 🤔

*   재생 의학 🩹: 다친 부분이 스스로 재생하는 방법을 연구해서, 나중엔 사람의 손발 재생에도 도움이 될 수 있대요!
*   분산 컴퓨팅 💻: 중앙 통제 없이 각 부분이 협력하는 새로운 컴퓨터 시스템을 만들어서 에너지를 절약할 수도 있고요.
*   로봇 공학 🤖: 여러 로봇이 마치 살아있는 생물처럼 유기적으로 협력하는 '다세포 로봇' 시스템도 상상해 볼 수 있대요!

NCA는 기존 뉴럴 네트워크와는 다르게, 단순한 패턴 암기가 아니라 '숨겨진 원리'를 발견하는 데 뛰어난 능력을 보여준다고 해요. 🧐 그래서 시끄러운 환경에서도 더 강하고 유연하게 작동할 수 있는 똑똑한 시스템을 만들 수 있을 것 같아요!

결국 NCA는 생물학, 컴퓨터 공학, 복잡계 과학을 하나로 이어주는 다리 역할을 하는 셈이죠! 🌉 앞으로 이 기술이 우리 삶을 어떻게 변화시킬지 정말 기대되지 않나요? ✨

여러분은 이 기술이 가장 먼저 어디에 적용되었으면 좋겠어요? 댓글로 알려주세요! 👇

#NCA #뉴럴셀룰러오토마타 #미래기술 #AI #과학이야기 #기계학습"
"2","professional","friendly_korean_v1","facebook","kor","여러분, 안녕하세요! ✨ 오늘은 정말 신기하고 흥미로운 AI 기술 이야기를 들려드릴게요. 🤩

혹시 '아주 간단한 규칙들이 모여 복잡한 세상을 만든다'는 개념, 들어보셨나요? 원래는 '셀룰러 오토마타(CA)'라는 분야에서 이런 걸 연구해왔는데요!

최근 '신경 세포 오토마타(Neural Cellular Automata, NCA)'라는 게 등장하면서 이 판도를 완전히 뒤집어놨답니다! 🤯

그럼 NCA가 뭐가 그렇게 특별하냐구요?

**NCA의 놀라운 점!** 💡
*   기존에는 '규칙'을 먼저 정하고 어떻게 복잡한 결과가 나올지 예측했어요.
*   하지만 NCA는 달라요! 우리는 원하는 '최종 모습'을 먼저 정하고, 그 모습을 만들어내기 위해 필요한 '규칙'을 거꾸로 찾아내는 방식이랍니다! 마치 마법 같죠? 🦋🦎

이 혁신적인 접근 방식은 구글 취리히의 연구 과학자 알렉산더 모르드빈체프님이 선도하고 계시다고 해요. 그의 연구는 생명체처럼 스스로 움직이고 진화하는 컴퓨터 시스템을 만들 잠재력이 크다고 합니다! 🧠

NCA는 1970년대 '존 콘웨이의 생명의 게임'에서 영감을 받았는데요, 이 게임처럼 간단한 세포들의 상호작용으로 복잡한 패턴을 만들어요. 그런데 NCA는 한 발 더 나아가서, 우리가 원하는 나비나 도마뱀 같은 특정 모양을 목표로 설정하고, 머신러닝으로 그 모양을 스스로 만들어내는 규칙을 학습한답니다. 대박이죠? 🤩

모르드빈체프님은 이걸 '복잡성'이라고 부르는데요, 마치 벽돌 하나하나를 디자인해서 스스로 멋진 대성당으로 조립되게 만드는 것과 같다고 설명해요. 신기하게도 새들의 울음소리나 개미 군집의 행동처럼, 자연에서도 이런 복잡한 집단 행동들이 단순한 규칙에서 시작되는 경우가 많답니다. 🐜🐦

**NCA의 파급 효과는 어디까지일까요?** 🚀
*   **재생 의학:** 모르드빈체프님의 모델에서 가상의 나비가 손상된 부분을 스스로 재생하는 걸 보면, 언젠가 인간의 팔다리를 재생하는 치료법 개발에도 큰 도움이 될 수 있을 거예요! 💖
*   **분산 컴퓨팅:** 중앙에서 통제하지 않고도 스스로 기능하는 컴퓨터 시스템을 만들어서, 에너지 효율도 엄청나게 높일 수 있답니다. 환경에도 좋겠죠? 🌱

연구팀은 신경망을 셀룰러 오토마타에 통합해서, 기존의 '켜짐/꺼짐' 같은 이진법적인 상태가 아니라, 세포 상태를 연속적인 변수로 모델링했어요. 그래서 훨씬 더 유기적이고 부드러운 움직임과 전환이 가능해진 거죠! NCA는 훈련을 통해 규칙을 스스로 만들고, 다양한 형태를 생성하며, 심지어 손상된 부분까지 자율적으로 복구하고 재생하는 능력도 배운답니다. 정말 놀랍지 않나요? 👍

NCA는 기존 신경망이 특정 패턴을 '암기'하는 것과 달리, 근본적인 규칙을 스스로 '발견'해서 작동 방식을 이해한다고 해요. 이런 똑똑한 학습 능력 덕분에 시끄러운 환경에서도 유연하게 정보를 처리할 수 있고요.

로봇 공학 분야에서도 엄청난 관심을 받고 있답니다! 🤖 단순한 로봇 군집을 넘어, 개별 로봇들이 유기적으로 협력해서 마치 생명체처럼 하나의 통합된 시스템을 만들 수도 있다는 거죠. 이미 NCA가 가상 환경에서 다양한 움직임을 성공적으로 시뮬레이션하는 연구 결과도 나오고 있대요!

결국 NCA는 생물학, 컴퓨터 과학, 그리고 복잡성 과학이 다시 하나로 합쳐지는 느낌이에요. 융합의 시대가 활짝 열리고 있다는 뜻이겠죠? 이 엄청난 잠재력이 계속해서 밝혀짐에 따라, 우리의 미래는 더 혁신적으로 변할 거예요!

여러분은 NCA 기술이 앞으로 어떤 분야에서 가장 큰 변화를 가져올 거라고 생각하시나요? 댓글로 의견 남겨주세요! 👇

#NCA #신경세포오토마타 #인공지능 #미래기술 #구글연구 #자가조립 #AI기술 #과학이야기"
"2","professional","friendly_korean_v1","threads","kor","여러분, 혹시 단순한 규칙으로 복잡한 걸 만들어내는 신기한 기술 아시나요? 😮 바로 ‘셀룰러 오토마타(CA)’ 이야기인데요, 이게 요즘 정말 엄청나게 발전하고 있답니다!

특히 최근엔 ‘신경 세포 오토마타(NCA)’라는 게 등장하면서 과학계가 뒤집어졌어요! 🤩 기존 CA는 규칙을 정해두고 결과물을 예측했는데, NCA는 정반대예요.

✨ NCA, 뭐가 그렇게 특별한데요?

*   원하는 복잡한 구조(예: 나비 🦋 또는 도마뱀 🦎)를 먼저 정해요.
*   그리고 머신러닝 기술로 그 결과물을 만들어내는 데 필요한 숨겨진 규칙을 역으로 찾아낸답니다! 마치 거꾸로 퍼즐 맞추는 느낌이랄까요? 🧩 신기하죠?
*   이 멋진 연구는 구글 취리히의 알렉산더 모르드빈체프 연구원님이 주도하고 계세요! 👏

NCA는 1970년대 존 콘웨이의 유명한 '생명의 게임'에서 영감을 받았지만, 그 역학 관계를 완전히 뒤집어 놓은 거죠! 🎮

---

🧱 '복잡성'의 재발견!
모르드빈체프 연구원님은 이걸 '복잡성'이라고 부르는데요, ""적절히 흔들었을 때 결국 대성당을 형성할 수 있는 벽돌을 설계하는 것""에 비유해요. 큰 시스템을 만드는 작은 빌딩 블록을 설계하는 관점인 거죠! 🏗️

새 떼의 군무나 개미 군집 행동처럼, 개별적인 단순한 행동들이 모여 복잡한 현상을 만들어내는 거랑 비슷하답니다! 🐜🕊️

---

🚀 무궁무진한 가능성!

이 놀라운 기술이 어디에 쓰일 수 있을까요? 정말 무궁무진해요!

*   재생 의학 분야 🧑‍⚕️: 모르드빈체프 모델에서 가상의 나비가 손상된 부분을 재생하는 것처럼, 언젠가 인간의 사지 재생 치료법 개발에 큰 도움이 될 수 있어요!
*   분산 컴퓨팅 시스템 💡: 중앙 제어 없이 작동하는 시스템을 만들어서 에너지를 확 절약할 수도 있대요! 지구에도 좋겠죠? 🌍

---

🧠 NCA는 어떻게 똑똑해졌을까요?
NCA는 똑똑한 '신경망'을 이용해서 이 모든 걸 가능하게 해요.

*   기존 CA가 켜지거나 꺼지는 이진법이었다면, NCA는 셀 상태를 연속적인 변수로 표현해서 더 유연하고 유기적인 동작이 가능하답니다! 🔄
*   훈련을 통해 규칙을 스스로 배우고, 심지어 손상된 패턴도 알아서 재생하는 능력을 보여줬다고 해요. 와, 정말 살아있는 것 같아요! 🐛🦋

NCA의 학습 방식은 정말 특별해요. 🧐 일반 신경망이 패턴을 외우는 경향이 있다면, NCA는 *본질적인 규칙*을 찾아내거든요! 마치 자연이 진화하는 과정처럼요. 🌳

---

🤖 로봇 공학의 미래까지!
미래 로봇 공학에도 NCA가 큰 영향을 줄 거예요! 🤖 단순한 로봇들이 모여 움직이는 걸 넘어서, 마치 살아있는 유기체처럼 통합적으로 협력하는 시스템을 만들 수 있대요. 다세포 생물처럼요! 🧬 벌써 가상 환경에서 다양한 움직임을 시뮬레이션하는 능력을 보여주고 있답니다! 🏃‍♀️💨

---

결론적으로 NCA 연구는 생물학, 컴퓨팅, 복잡성 과학의 개념이 하나로 합쳐지는 지점이에요! 🌌 이런 기술이 우리 삶에 어떤 변화를 가져올지 정말 기대되지 않나요? ✨

여러분은 NCA가 어떤 분야에서 가장 큰 혁신을 가져올 거라고 생각하시나요? 댓글로 의견 남겨주세요! 👇

#NCA #신경세포오토마타 #AI기술 #미래기술 #구글연구 #인공지능 #생명공학 #로봇공학 #혁신기술"
"3","professional","friendly_english_v1","linkedin","en","OMG, you guys! 🤩 Did you hear about this incredible solo entrepreneur from South Korea making waves in Japan? It's seriously inspiring!

This brilliant individual just launched an AI-powered blogging platform (it's a Software as a Service, or SaaS!) specifically for Japanese businesses, and the success is *wild*! 🚀

Here’s the lowdown:
*   A solo venture out of South Korea 🇰🇷 created an AI blogging platform targeting the Japanese market 🇯🇵.
*   In just two months, they landed TEN client contracts! Can you believe the speed? 🤯
*   The goal? To expand to ONE HUNDRED clients by year-end! That's a 10x growth! ✨
*   Who's loving it? Super diverse businesses, from beauty salons 💅 to demolition companies 🏗️, all wanting to boost their online visibility.
*   This AI magic helps businesses effortlessly generate and share blog posts, totally streamlining their digital outreach. 🤖💨
*   Each client pays over ¥40,000 a month, creating a super stable revenue stream for the entrepreneur! 💰
*   They’re filling a huge gap, as the Japanese market has been called an ""AI desert"" for these kinds of advanced solutions! 🏜️

This is such a cool example of how AI is leveling the playing field, letting smaller businesses compete with the big guys by supercharging their digital game without needing a massive team. It also shows how important it is to adapt technology for local markets – that's where the real magic happens! 💖

What do you think about AI helping businesses grow so fast? Share your thoughts below! 👇

#AIinnovation #ContentMarketing #SaaSsuccess #Entrepreneurship #JapanTech #DigitalTransformation #SmallBusinessBigImpact #FutureofWork"
"3","professional","friendly_english_v1","x","en","Did you hear about this incredible story?! 🤩 A brilliant solo entrepreneur from South Korea just launched an AI-powered blogging platform called SaaS, and it's already making waves in Japan! 🇰🇷🇯🇵

Talk about fast growth! In just TWO months since launching, they've already secured contracts with ten different businesses! 🥳 And their super ambitious goal? To reach 100 clients by the end of the year! 🚀

So, what does it do? This clever AI automatically creates and shares blog content for businesses. Imagine having a super-efficient content marketing assistant that just *gets it*! 🤖✍️

And the clients are so diverse – from beauty salons to demolition companies! 🤯 It just shows how much every business needs to boost their online game in today's competitive world. This platform makes content marketing SO much easier, with minimal effort after setup! 💪

The business model is smart too, with a monthly subscription of over 40,000 yen per client! 💰 And get this – Japan was even called an ""AI desert,"" making this entrepreneur's move even more strategic and successful! 🌱🌵➡️ OASIS! 🌊

This venture is truly inspiring and highlights some key trends:

*   AI is a game-changer for small businesses, helping them compete with bigger players without needing huge budgets. ✨
*   Customizing tech solutions for specific international markets? That's where major opportunities lie! 🌍
*   Innovation in content creation and blogging is all about automation now! 🚀

Isn't it amazing to see how new tech can boost efficiency AND profitability? What kind of AI tools are you most excited about for businesses? Share your thoughts below! 👇

#AIinnovation #SoloEntrepreneur #SaaSsuccess #DigitalMarketingTips #FutureofContent"
"3","professional","friendly_english_v1","facebook","en","OMG, did you guys hear about this incredible story? 🤯 A solo entrepreneur from Korea just launched an AI-powered blog platform specifically for Japanese businesses, and it's absolutely killing it! 🇰🇷➡️🇯🇵

Get this: in just TWO months, they've already secured 10 corporate clients! 🚀 And their goal? To hit 100 companies by the end of the year! Talk about ambition! 💯

So, what does it do? 🤔
This super smart AI platform basically writes and publishes blog posts all by itself! 🤖✍️ It's perfect for businesses that need to shine online but don't have endless time for content creation.

Who's loving this?
*   Beauty salons 💇‍♀️
*   Demolition companies 🏗️
*   ...and basically anyone who needs to stand out in competitive markets WITHOUT the endless content grind! Once it's set up, it's super low-maintenance! ✨

The best part? Each client is paying over ¥40,000 (about $260 USD!) every month! 💰 Talk about a solid business model, especially since Japan is sometimes called an 'AI desert' – giving them a HUGE advantage! 🇯🇵💡

This whole venture highlights some really important trends for the future of tech and entrepreneurship:
*   Integrating AI into daily operations is becoming a MUST! It helps even small businesses compete with the big players. 💡
*   Adapting and localizing your product for international markets can unlock MASSIVE opportunities! 🌍
*   Innovation in content creation and automation is just getting started! 🤖

It's such amazing proof that embracing new tech can seriously boost both efficiency AND profits! 🚀

What do YOU think of this incredible solo success story? 🤔 Could AI be the game-changer your business needs too? Share your thoughts below! 👇

#AIBusiness #TechTrends #Entrepreneurship #SaaS #JapanMarket #AIAutomation #DigitalMarketing"
"3","professional","friendly_english_v1","threads","en","Hey everyone! 👋 Did you hear about this super cool tech story coming out of Korea? ✨ An awesome independent entrepreneur from Korea totally crushed it by developing an AI-powered blog service (think SaaS!) specifically for the Japanese market. 🚀 Talk about innovation!

Here's the lowdown on their amazing success:

*   In just TWO months, they snagged 10 business clients! 🤯
*   And get this – they're aiming for 100 by the end of the year! That's some serious goal-setting! 🔥

So, what does this platform do? 🤔 It's a game-changer for small businesses! 💻 It uses advanced AI to literally write AND publish blog posts for them automatically. Say goodbye to content creation headaches! 👋

Imagine hair salons 💇‍♀️ or even demolition companies 🏗️! Small businesses that want to shine online but don't have a huge marketing team. This service makes content marketing super easy and efficient. They sign up, and the AI does the heavy lifting!

Plus, they've got a super solid business model:
*   Each client pays over ¥40,000 a month! 💰
*   This gives them a real head start in what some call Japan's 'AI desert'. They're basically trailblazers! 🌟

This isn't just a win for one company; it shows us some major trends for the future! 👇
1.  AI for EVERYONE! 🤖 Small businesses can now level up their digital game and compete with the big players, even without massive resources.
2.  Go Global, but Local! 🌍 Adapting tech for different markets (like Japan's specific needs) opens up SO many opportunities!

This story proves that AI isn't just for big tech giants – it's empowering small businesses to be more efficient and profitable than ever before. It's truly inspiring! ✨

What do YOU think is the biggest game-changer AI will bring to small businesses in the next year? Share your thoughts below! 👇

#AISaaS #TechInnovation #SmallBusinessSuccess #Entrepreneurship #DigitalMarketing #AIforBusiness"
"3","professional","friendly_korean_v1","linkedin","kor","여러분! 완전 대박 소식 들고 왔어요! 🤩 우리 한국인 사업가분이 일본에서 AI 블로그 플랫폼을 성공적으로 론칭하셨다고 합니다! 와우~ K-테크의 저력을 보여주시네요! ✨

이 플랫폼은 말이죠, AI가 알아서 블로그 콘텐츠를 만들어주고 뿌려주는 'AI 기반 블로그 SaaS'래요. 특히 일본 기업들을 겨냥했다는 점이 흥미롭죠? 일본이 아직 'AI 사막'이라고 불리는 시장이라 더욱 주목받고 있답니다. 🏜️

론칭한 지 두 달 만에 벌써 10개 기업과 계약했대요! 📈 연말까지 100개 고객사 확보가 목표라고 하니 정말 기대되죠?

어떤 회사들이 쓰냐고요? 신기하게도 미용실부터 심지어 철거 업체까지! 다양한 분야의 기업들이 이 플랫폼을 쓰고 있대요. 💇‍♀️🏗️ 왜냐하면, 복잡한 온라인 마케팅을 AI가 다 해주니까요!
*   글을 자동으로 생성해서 ✍️
*   디지털 홍보 효과를 팍팍 올려주고 🚀
*   별다른 노력 없이도 시장에서 눈에 띄게 해주는 거죠! 🌟

매달 4만 엔(약 35만원)이 넘는 구독료를 받으면서 안정적인 수익 모델을 만들었답니다. 💰 정말 똑똑한 비즈니스 모델이죠?

이번 성공 스토리가 우리에게 주는 교훈은 뭘까요?
*   AI는 이제 선택이 아닌 필수! 🤖 작은 기업도 AI 덕분에 큰 기업과 경쟁할 수 있게 돼요.
*   해외 시장을 공략하는 전략적인 접근이 엄청난 기회를 가져다준다는 것! 🌍 한국 기술력으로 세계로 뻗어나가는 거죠.

AI가 블로그 마케팅의 판도를 바꾸고 있는 게 느껴지시나요? 🤔 운영 효율성도 높이고, 수익성도 극대화한다니, 정말 작은 기업들에게는 희망 같은 존재일 것 같아요! 여러분은 이런 AI 마케팅 솔루션, 어떻게 생각하세요? 댓글로 의견 남겨주세요! 👇

#AI마케팅 #블로그자동화 #일본시장진출 #스타트업성공 #K테크 #디지털마케팅"
"3","professional","friendly_korean_v1","x","kor","대박 소식 들고 왔어요! 🤩 우리 한국인 사장님 한 분이 일본에서 진짜 멋진 일 해내셨답니다!

✨ 인공지능(AI) 기반 블로그 SaaS 플랫폼을 성공적으로 론칭하셨다는 소식인데요, 일본 기업들을 타겟으로 한다고 해요. 🚀

놀랍게도 단 두 달 만에 무려 10개 회사와 계약을 따냈고요, 올해 말까지는 고객사를 10배로 늘리는 게 목표라고 해요. 정말 대단하죠? 👏

이 플랫폼은 AI가 블로그 콘텐츠를 자동으로 생성하고 배포해 준대요. 디지털 세상에서 '우리 회사 좀 봐줘!' 하고 싶은 기업들에게 완전 꿀템이죠! 🍯

재밌는 건 고객사가 정말 다양하다는 거예요!

*   예쁜 미용실 💇‍♀️
*   심지어 건물 철거 업체까지! 🏗️

경쟁 심한 시장에서 자기 PR을 돕는 아주 똑똑한 솔루션이랍니다. 초기 세팅만 해두면 거의 손댈 필요도 없다고 해요.

💰 비즈니스 모델도 아주 탄탄해요. 고객사당 월 4만 엔(약 35만원)이 넘는 고정 수익을 얻고 있다고 하는데요, 일본 시장이 'AI 사막'이라고 불릴 정도로 기회가 많은 곳이라, 진짜 똑똑한 전략 같아요! 💡

이번 성공 사례를 보면서 우리가 배울 점들이 몇 가지 있답니다.

1.  AI를 활용하면 작은 기업(중소기업)도 큰 돈 들이지 않고 대기업처럼 멋진 디지털 발자국을 남길 수 있다는 점! 👍
2.  해외 시장에 맞춰 서비스를 현지화하고 고객 맞춤형 솔루션을 제공하는 게 얼마나 중요한지 다시 한번 깨닫게 해주네요. 🌍

콘텐츠를 만들고 마케팅하는 방식이 AI 덕분에 완전히 달라지고 있어요. 이런 혁신적인 아이디어가 앞으로 더 많은 기업의 성공 스토리를 만들어낼 것 같지 않나요? 🌟

여러분은 AI 기술이 어떤 분야에서 가장 큰 변화를 가져올 거라고 생각하세요? 댓글로 알려주세요! 👇

#AI비즈니스 #스타트업성공 #일본시장 #자동화솔루션 #한국인의힘"
"3","professional","friendly_korean_v1","facebook","kor","대박 소식 들고 왔어요! 🤩 우리 한국인 창업가분이 일본에서 AI 기술로 완전 난리 났대요!

AI 기반 블로깅 플랫폼을 혼자 만드셔서 일본 시장에 딱! 출시하셨는데, 이게 기술 혁신과 기업가 정신의 환상적인 조합이라는 평가를 받고 있어요.

💖 서비스가 얼마나 대단하냐면요?
*   블로그 글쓰기부터 배포까지 AI가 알아서 척척! 자동화해주는 똑똑한 서비스예요. ✍️
*   덕분에 온라인 마케팅이 필요한 기업들이 정말 효율적으로 홍보할 수 있게 됐죠.

🌟 벌써부터 뜨거운 반응!
*   출시 두 달 만에 일본 기업 10곳이랑 계약에 성공했고요, 연말까지 무려 100개 고객사 확보가 목표래요! 와우! ✨

누가 이 서비스를 좋아할까요?
*   특히 온라인에서 눈에 띄고 싶은 미용실, 철거 업체 같은 곳에서 엄청 좋아한대요.
*   복잡한 콘텐츠 마케팅, 이제 걱정 없어요! 처음 설정만 해두면 AI가 알아서 해주니까, 사장님들 부담이 확 줄어드는 거죠. 😉

💰 재정적으로도 엄청 매력적이에요!
*   고객사 한 곳당 월 4만 엔(약 35만원) 이상을 내는데, 이게 꾸준히 들어오는 돈이라 아주 든든하대요.
*   일본이 'AI 사막'이라고 불릴 정도로 AI 도입이 늦은 편인데, 여기서 우리 창업가분이 딱! 선점하신 거죠. 완전 전략가 아닌가요? 💡

이번 성공 사례에서 배울 점이 너무 많아요! 두 가지 핵심 포인트 알려드릴게요. 📝

1.  AI는 이제 필수!
    *   소규모 기업도 AI를 잘 활용하면 대기업 못지않게 디지털 경쟁력을 뿜뿜 할 수 있다는 걸 보여줬어요. 🚀
2.  현지화의 중요성!
    *   일본 문화와 시장 특성에 딱 맞게 서비스를 만들었더니 대박이 터진 거죠. 역시 로컬라이징이 답! 🇯🇵

이 창업가분의 스토리는 정말 많은 분들에게 영감을 줄 것 같아요. 콘텐츠 마케팅의 미래가 보이시나요? 🌟
여러분은 혹시 AI 기술을 활용해서 어떤 새로운 사업을 해보고 싶으세요? 댓글로 알려주세요! 👇

#AI창업 #일본진출 #솔로창업 #기술혁신 #온라인마케팅 #AI블로그 #스타트업"
"3","professional","friendly_korean_v1","threads","kor","요즘 제일 핫한 소식 들고 왔어요! 🤩 한국의 한 독립 기업가님이 일본 시장을 완전히 뒤집어 놓았다는 소문이...! 💥

바로 인공지능(AI) 기반 블로깅 SaaS 플랫폼을 성공적으로 만들고 출시하셨대요. 역시 한국인의 기업가 정신과 기술력은 알아줘야죠! 👍

✨ 얼마나 대단하냐면요?
*   출시 두 달 만에 벌써 10개 기업 고객이랑 계약 성사!
*   연말까지 무려 100개 기업 고객을 목표로 달리고 있대요. 🚀

이 플랫폼은 AI가 알아서 블로그 글도 써주고 게시까지 해준다는데, 진짜 편하겠죠? 🤖 바쁜 기업들에게 온라인 홍보를 효율적으로 할 수 있는 찐 핵인싸템 되는 거죠! ✨

주요 고객은 미용실이나 철거 업체처럼 디지털 노출이 꼭 필요한 소규모 비즈니스들이래요. 복잡한 콘텐츠 마케팅, 이제 AI가 대신 해줘서 사장님들은 사업에만 집중할 수 있어요! 👏

💰 게다가 수익 모델도 대박이에요! 고객당 월 4만 엔 이상을 받는데, 일본 시장이 흔히 'AI 사막'이라고 불리잖아요? 그런데도 이렇게 성공적으로 자리 잡은 건 정말 전략적 승리라고 할 수 있죠! 📈

이번 성공 사례가 우리에게 알려주는 중요한 포인트는요:
1.  AI는 이제 선택이 아니라 필수! 작은 기업도 AI 덕분에 대기업이랑 어깨를 나란히 할 수 있어요. 🤝
2.  해외 시장에 맞춰서 제품을 똑똑하게 만들면, 엄청난 기회가 열린다는 사실! 🌍

온라인 마케팅이 점점 중요해지는 지금, AI 블로깅 SaaS의 이런 성공은 많은 기업가들에게 큰 영감을 줄 거예요.

여러분은 AI를 우리 사업이나 일상에 어떻게 활용해보고 싶으신가요? 댓글로 알려주세요! 👇

#AI스타트업 #일본진출 #K테크 #성공사례 #콘텐츠자동화"
"4","professional","friendly_english_v1","linkedin","en","OMG, did you hear the latest buzz from Seoul? ✨ There's been a HUGE real estate deal shaking up the super prestigious Daechi-dong educational district! 🤯

A landmark building called '더스톤대치' (The Stone Daechi) just got a new owner! This is an 8-story stunner, built in 2021, and it's located right in the heart of all the action.

So, who's the new owner?
It's 주영엔에스 (Jooyoung NS)! 💪 You might know them as that super popular health supplement company with actor Ji Sung in their awesome ads! 🤩 They've been growing like crazy!

Here's the lowdown on this massive move:
*   **The Building:** '더스톤대치' 🏢 – a prime 8-story property in a top-tier location.
*   **The Price Tag:** Around 590 BILLION KRW! 💰 That's a lot of zeros!
*   **Location, Location, Location:** It's directly opposite the famous Eunma Apartment, right where all the major Gangnam reconstruction is happening. Plus, it's surrounded by high-caliber private academies. Talk about prime real estate! 📍
*   **The Journey:** This wasn't an easy buy! It went through a super long and challenging auction process with 26 previous attempts that failed to find a buyer! Can you believe it?
*   **The Tenants:** The building is home to influential admissions academies like Sidaeindae and Gangnam Daesung – basically, the cream of the crop in local education! 📚
*   **The Buyer's Story:** 주영엔에스, founded in 2003, has seen amazing growth thanks to the booming health supplement market. Now they're stepping into the Gangnam real estate game in a major way!

This is such an interesting move – a health company investing in a building known for education! It really signals how investment trends are evolving in South Korea. 🤔

What do you think about this big move? Let us know in the comments! 👇

#SeoulRealEstate #DaechiDong #KoreasEducation #InvestmentTrends #GangnamProperty #HealthAndWellness #PropertyNews #JooyoungNS"
"4","professional","friendly_english_v1","x","en","Hey real estate enthusiasts & Seoul lovers! 👋 Did you hear about the buzz in Daechi-dong? Something big is making waves in the South Korean real estate scene! 🇰🇷🏠 A major deal for the iconic '더스톤대치' building is set to finalize on September 8, 2025! 🎉

This landmark property, right in the heart of Seoul's super-prestigious Daechi-dong educational district, is changing hands! 🤩

Here's the scoop:
*   The Deal: This prime building is being acquired for approximately 59 billion KRW (that's about 0.059 trillion KRW!). 💰
*   Location, Location, Location! 📍 It's situated directly opposite the famous Eunma Apartment (a key spot in Gangnam's huge reconstruction project!) and surrounded by all those top-tier academies Daechi-dong is known for. Talk about strategic positioning!
*   The Building: Built in 2021, it's an impressive 8-story structure. 🏢
*   Star Tenants: Home to super popular academies like 시대인재 and 강남대성, which are basically legends in the local education world! 📚✨

The Journey:
This wasn't an easy sale! It took 26 public auction attempts (8 of which saw NO bids! 🤯) before it finally went to a private sale agreement. It was originally appraised at a much, much higher value, so this final deal came in significantly lower.

Who's the Buyer?
Meet 주영엔에스 (Jooyoung NS)! A rapidly growing health supplement company that's been booming thanks to increasing demand from Korea's aging population. They've made a substantial investment here, marking a major strategic move! 💪

What do the experts say? 🤔
Opinions are a bit mixed! While everyone agrees the top-notch educational tenants add huge intrinsic value, some think it could have gone for even more given its desirability in this specialized market. This acquisition definitely signals a fascinating shift, with a health-focused company making a splash in Gangnam's super competitive educational real estate market! 📊

What do you think of this big move? Let us know below! 👇

#SeoulRealEstate #GangnamStyle #DaechiDong #PropertyInvestment #KoreaBusiness #RealEstateNews #LuxuryProperty #InvestmentStrategy #SouthKorea #JooyoungNS"
"4","professional","friendly_english_v1","facebook","en","Did you guys hear about the latest buzz in Seoul's real estate world? 🤩

The Stone Daechi building in super-hot Daechi-dong just got sold for a whopping ~₩590 billion (that's 0.59 trillion won)! 🤯 Guess who scooped it up? Jooyoung N&S, a major health supplement company! 💊

This is a HUGE deal, especially since the contract officially finalizes on September 8, 2025. This sale finally puts an end to a loooong and tough public auction process. Phew! 😅

So, what's 'The Stone Daechi' all about? ✨
*   It was completed in 2021, a sleek 8-story building with a massive 80,000 square meters! 🏢
*   Its location? TOP-NOTCH! Right in the heart of Daechi-dong, known for its elite schools. Plus, it's literally right across from the iconic Eunma Apartment, a symbol of Gangnam's redevelopment! Talk about prime real estate! 📍

But get this, the journey to this sale wasn't easy! 🎢
*   It started with a high appraisal of ~₩715.6 billion. But after EIGHT failed auctions (and a total of 26 attempts!), it just couldn't find a buyer. So many ups and downs! 📉
*   Eventually, Jooyoung N&S snapped it up through a private contract for a significantly lower price than that initial appraisal. Smart move? 🤔
*   Industry whispers say Jooyoung N&S used about ₩300 billion in loans and paid the rest (~₩290 billion) in cash! 💰
*   Why this building? It's home to awesome tenants like Sidae Injae and Gangnam Daesung – super popular prep schools in the area! It's a seriously strategic investment! 📚

Experts are a bit divided on this. On one hand, having those strong tenants adds tons of value! 👍 But many also feel the seller could've gotten even more, considering its prime educational spot and popularity. What do YOU think? 🤔

Let's talk about the buyer! Jooyoung N&S isn't just any company. 💪
*   Founded in 2003, they've been growing super fast thanks to the increasing demand for health supplements in our aging society. 👵👴
*   Their financials are SOLID! In 2022, they pulled in ₩1.2 trillion in revenue and ₩578 billion in operating profit! Wow! 📈
*   Currently, they're operating from Terra Tower 2 nearby. Wonder if they'll move? 👀

The future plans for 'The Stone Daechi' are still under wraps. 🤫 But this deal is a *huge* example of how dynamic Korea's real estate market is! A health supplement company diving into the super competitive Gangnam education real estate scene? That's definitely something new! 🤯

What do you think this means for Daechi-dong's future? Share your thoughts below! 👇

#SeoulRealEstate #DaechiDong #TheStoneDaechi #JooyoungNS #RealEstateNews #KoreanEconomy #BigDeal"
"4","professional","friendly_english_v1","threads","en","Did you hear the latest real estate buzz from Seoul? 🤩 Something HUGE just went down in Daechi-dong, and we're here to spill the tea! ☕️

Guess what?! The iconic 'The Stone Daechi' building, right in the heart of Seoul's super-famous education district, just got a new owner! 🏢✨

Here's the lowdown:
*   **What happened?** The landmark 'The Stone Daechi' building was acquired.
*   **Where?** Daechi-dong, Seoul – yep, the ultimate hotspot for top academies and education! 📚
*   **Who's the buyer?** It's Jooyoung NS Co., Ltd., a massive health functional food company known for its awesome marketing (and maybe a celeb or two! 😉).
*   **How much?** They closed the deal for approximately 559 BILLION KRW! 🤯 Talk about a big investment!

This deal officially wrapped up on September 8, 2023, finally bringing an end to a really long (and tough!) public auction process. Phew! 😮‍💨

A little about The Stone Daechi:
*   It was completed in 2021, so it's super modern and prime!
*   It boasts 8 floors and a massive 80,000 square meters of space.
*   Its location is unbeatable – surrounded by prestigious educational institutions and even directly opposite Eunma Apartment, a true symbol of Gangnam's redevelopment! Talk about prime real estate! 🌟

Fun fact: This building was initially appraised much higher (around 715.6 billion KRW!) but struggled to find a buyer through 26 auction attempts! 🤯 Jooyoung NS swooped in with a private contract and secured it for a *lower* price than its initial valuation. Smart move! 🧠

Industry whispers say Jooyoung NS funded this with about 300 billion KRW from loans and the rest from their own cash. Why such a big splash? 🤔 It's seen as a seriously strategic investment, especially since the building already has fantastic tenants like the highly respected Sidae Injae and Gangnam Daesung academies! 🎓

Market experts have mixed feelings – some see the influential tenants as a clear value boost, while others wonder if it could have fetched an even higher price given Daechi-dong's unique desirability. 🤔 What do YOU think?

And who is Jooyoung NS, you ask? They're a powerhouse! 💪
*   Founded in 2003, they've seen incredible growth in the health functional food market, especially with the aging population trend.
*   In 2022 alone, they raked in 1.2 TRILLION KRW in revenue and 578 billion KRW in operating profit, solidifying their spot as an industry leader! 🚀

While their exact plans for 'The Stone Daechi' aren't clear yet, this deal is a huge signal! It shows a health functional food giant entering Gangnam's core education real estate market, potentially shaking up the domestic property investment scene! 💥

What are your thoughts on this mega-deal? Let us know in the comments below! 👇

#SeoulRealEstate #DaechiDong #KoreanBusiness #PropertyInvestment #BigDeal #HealthFoodPower"
"4","professional","friendly_korean_v1","linkedin","kor","대치동 '더스톤대치' 건물이 무려 5,900억 원에 팔렸대요! 😲💸 강남 핵심 상권의 핫한 소식인데요, 자세히 알아볼까요?

이번 거래의 주인공은 바로 건강식품 회사 '주영엔에스'예요. 배우 지성님 광고로도 유명한 그 회사 맞죠? ✨ 길고 길었던 경매 끝에 2025년 9월 8일, 드디어 주인이 바뀌었답니다!

이 건물은 2021년에 지어진 8층짜리예요.
학원가로 유명한 대치동 한복판에 딱! 🏫
그것도 유명한 은마아파트 바로 맞은편이라니, 위치 정말 최고죠? 📍
심지어 건물 안에는 시대인재, 강남대성 같은 최고 학원들이 입점해 있대요. 🤩

그런데 이번 인수 과정이 정말 드라마 같았다고 해요!
무려 26번이나 유찰되고, 8번은 아무도 입찰하지 않아서 주인을 찾기가 너무 어려웠대요. 😮
처음 감정가보다 낮은 가격에 주영엔에스가 품에 안았다고 하네요.

주영엔에스, 재력이 정말 대단하죠? 💰
인수 금액 중 3천억 원은 대출로, 나머지는 현금으로 냈다고 해요. 현금 동원력이 엄청나다는 걸 알 수 있죠! 📈

업계 전문가들 의견은 좀 갈린대요. 🤔
""좋은 학원들이 있어서 가치는 높지만, 대치동 핵심 위치치고는 가격이 아쉽다!"" vs ""그래도 이 정도면 괜찮다!"" 이렇게요.

2003년에 설립된 주영엔에스는 고령화 시대에 맞춰 건강식품 수요가 늘면서 엄청나게 성장한 회사예요. 🚀 2022년 매출 2,100억 원, 영업이익 578억 원을 기록했답니다. 지금은 테라타워2에 임대로 입주해 있지만, 이제 자기 건물이 생기는 거네요! 🎉

앞으로 '더스톤대치' 건물을 어떻게 활용할지 정말 궁금한데요, 건강식품 회사가 강남 핵심 상권의 학원가 건물에 투자했다는 것 자체가 엄청난 변화 같아요. 한국 부동산 시장의 투자 트렌드가 바뀌는 걸까요? 여러분 생각은 어떠세요? 댓글로 알려주세요! 👇

#부동산뉴스 #강남부동산 #대치동 #더스톤대치 #주영엔에스 #부동산트렌드"
"4","professional","friendly_korean_v1","x","kor","강남 대치동에 엄청난 부동산 소식이 들려왔어요! 😮✨

우리나라 최고의 교육 특구, 바로 그 대치동 한복판에 있는 랜드마크 건물 '더스톤대치'가 드디어 새 주인을 찾았답니다! 🏢 누가 샀는지 궁금하시죠?

바로 배우 지성님 광고로 유명한 건강기능식품 회사 '주영엔에스'가 무려 5,900억 원에 인수했다고 해요! 💰 (2025년 9월 8일 최종 계약 완료!)

이 건물, 어떤 곳이냐면요? 🤔
*   2021년에 완공된 8층짜리 아주 새 건물이에요! 🏗️
*   대치동 학원가 한복판, 은마아파트 바로 맞은편에 뙇! 위치가 정말 최고죠? 👍
*   안에는 시대인재, 강남대성 같은 유명 입시 학원들이 입점해 있대요! 📚💡

사실 '더스톤대치'가 새 주인을 찾기까지 우여곡절이 많았다고 해요... 😥
처음 감정가가 7,156억 원이었는데, 무려 26번이나 경매에 나왔었다는 사실! 그중 8번은 유찰될 정도였다고 하네요. 😱 결국 비공개 매각으로 감정가보다 낮은 가격에 주인을 찾게 된 거랍니다!

그럼 '주영엔에스'는 어떤 회사일까요? 📈
*   2003년에 설립되어 건강기능식품 시장에서 정말 빠르게 성장했어요! 💊💪
*   2022년에는 매출 2,100억 원, 영업이익 578억 원을 기록했답니다! 완전 대박이죠? 🔥
*   지금은 테라타워 II에서 세 들어 살고 있는데, 이제 자기 빌딩으로 가는 건가요? 🤩

전문가들은 이번 인수에 대해 여러 가지 의견을 내놓고 있어요. 🤔 유명 학원들이 탄탄하게 입점해 있어서 건물 가치는 확실하다는 의견도 있지만, 대치동의 상징성으로 볼 때 더 비싸게 팔릴 수도 있었다는 시각도 있대요. 🤷‍♀️

건강식품 회사가 강남 교육 부동산에 이렇게 크게 발을 들이다니, 앞으로 한국 부동산 시장에 새로운 바람이 불 것 같지 않나요? 🌬️ 변화의 시작일까요? 🧐

여러분은 어떻게 생각하세요? 🤔 '더스톤대치'의 미래는 과연...?

#더스톤대치 #주영엔에스 #대치동 #강남부동산 #부동산투자 #핫이슈 #재테크 #건물주"
"4","professional","friendly_korean_v1","facebook","kor","와우! ✨ 요즘 국내 부동산 시장 정말 핫하죠? 🔥 특히 강남 대치동 소식은 언제나 뜨거운데요! 오늘은 교육 특구 대치동의 랜드마크 빌딩, '더스톤대치' 매각 스토리를 들려드릴게요! 🗣️

이 건물을 인수한 곳은 바로 유명 연예인 마케팅으로 잘 알려진 건강기능식품 전문 기업 '주영엔에스'랍니다! 💊 어쩐지 신선한 조합 같지 않나요? 😮

잠깐, 핵심 정보 정리해 볼까요? 🧐
*   위치: 강남 교육의 메카, 대치동 한가운데! 심지어 은마아파트 바로 맞은편에 있어요! 🏫
*   인수자: 승승장구 중인 건강기능식품 기업 주영엔에스! 📈
*   건물 규모: 2021년 준공된 지상 8층, 연면적 8만 제곱미터의 삐까뻔쩍 빌딩! 🏙️
*   기존 임차인: 대치동 학부모님들이라면 다 아실 '시대인재', '강남대성' 등 유명 학원들이 이미 자리 잡고 있대요! 📚

사실 이 건물, 공매 과정이 정말 길고 복잡했어요. 무려 26번의 경매 시도와 8번의 유찰을 겪었대요. 😮 그렇게 우여곡절 끝에 주영엔에스가 7156억 원에 비공개 계약을 맺었답니다. 초기 감정가보다 훨씬 낮은 가격이었다고 하니, 주영엔에스 입장에서는 정말 좋은 기회였겠죠? 👍

주영엔에스는 2022년에 매출 1조 2천억 원을 넘긴 탄탄한 회사인데요, 기존 사업장도 대치동 근처에 있었다고 해요. 그런데 갑자기 교육 빌딩을 똭! 인수한 거죠! 😲

앞으로 '더스톤대치'가 어떻게 활용될지는 아직 미지수지만, 건강기능식품 회사가 강남 교육 부동산 시장에 성공적으로 진출했다는 점에서 정말 흥미로운 사례 같아요! 💖 국내 부동산 투자 시장의 새로운 변화를 보여주는 것 같지 않나요?

여러분은 이번 '더스톤대치' 매각 소식, 어떻게 생각하세요? 🤔 댓글로 의견 나눠주세요! 👇

#더스톤대치 #대치동부동산 #주영엔에스 #부동산투자 #강남학원가"
"4","professional","friendly_korean_v1","threads","kor","여러분, 대치동에서 핫한 소식이 들려왔어요! 🤩✨

우리나라 교육의 중심지, 바로 대치동에 있는 랜드마크 빌딩 '더스톤대치'의 주인이 바뀌었대요! 🏢💰

배우 지성님을 모델로 내세워 유명한 건강기능식품 회사, 주영엔에스가 이 건물을 인수했어요. 지난 9월 8일, 오랜 시간 어려웠던 공매 절차가 드디어 마무리된 거랍니다! 🎉

더스톤대치 건물, 어떤 곳이냐면요?
*   2021년에 완공된 새 건물이에요.
*   지상 8층에 연면적도 엄청 넓어요 (약 8만 제곱미터!).
*   대치동 학원가 핵심 중에서도 핵심! 은마아파트 바로 맞은편에 있어서 위치가 정말 최고죠? 🏫

사실 이 건물이 주인을 찾는 과정이 순탄치 않았대요. 경매 시도만 26번, 그중에 8번이나 유찰될 정도였다고 해요. 🤔
그러다 결국 주영엔에스가 7,156억 원에 비공개 계약으로 인수했답니다. 처음에 평가된 금액보다 훨씬 낮은 가격이었다고 해요! 🤫

주영엔에스가 대출 약 3천억 원에 현금 7천5백억 원 이상을 써서 인수한 것으로 추정된다는데요, 정말 대단하죠? 이 건물에는 시대인재, 강남대성 같은 유명 학원들이 입점해 있어서, 이런 우량 임차인들을 보고 투자한 전략적인 선택으로 보여요! 📈

이번 인수에 대해 전문가들 의견은 좀 엇갈리는 것 같아요.
*   ""우량 임차인 덕분에 가치가 충분하다!"" 하는 시각도 있고요.
*   ""대치동 핵심 입지인데, 매각 가격이 너무 저렴하게 책정된 것 같다!"" 하는 의견도 있대요.

주영엔에스도 정말 탄탄한 회사예요.
*   2003년에 생겨서 고령화 시대에 맞춰 건강식품 사업으로 꾸준히 성장했죠.
*   2022년엔 매출 1조 2,021억 원, 영업이익 5,780억 원을 기록할 정도로 파워가 엄청나답니다! 💪

아직 '더스톤대치'를 어떻게 활용할지는 정해지지 않았다고 하는데요. 건강기능식품 회사가 강남 교육의 중심지에 있는 부동산을 인수했다는 점 자체가 앞으로 우리나라 부동산 시장에 어떤 변화를 가져올지 정말 궁금해져요! 😲💡

여러분은 이번 대치동 빌딩 인수 소식, 어떻게 생각하시나요? 댓글로 의견 남겨주세요! 👇

#더스톤대치 #대치동부동산 #주영엔에스 #부동산투자 #강남학원가"
"5","professional","friendly_english_v1","linkedin","en","Hey #ScienceLovers! 👋 Did you hear about the LATEST mind-blowing brain discovery? 🤯 Scientists just dropped some MAJOR news that could totally change how we understand our brains!

For ages, we thought decision-making happened in specific, tiny spots in our brain. Kinda like different departments handling different tasks. 🏢

BUT GUESS WHAT?! A super cool study from the International Brain Laboratory just flipped that idea on its head! 🤸‍♀️ They found out that when we make decisions, our ENTIRE brain lights up and works together! 🌟 It's a full-on brain party, not just a small gathering in one corner. 🎉

This game-changing research was even published in the super prestigious journal, Nature – not once, but TWICE! ✨

So, what did they do to find this out?
*   They watched 139 mice (cute little scientists!). 🐭
*   Monitored over 620,000 individual neurons (that's A LOT!). 🧠
*   Used super advanced Neuropixels tech to see 279 different brain regions all at once! 🔭

Imagine your brain like a giant orchestra! 🎻 Instead of just one section playing, ALL the instruments join in a synchronized symphony when you're deciding something. 🎼 The more complex the decision, the more parts of your brain jump in, from sensing things to controlling your movements!

Why is this a BIG DEAL? 🤔
This new understanding could open up incredible avenues for:
*   Deciphering complex mental health challenges like schizophrenia and autism. Understanding how our brains process expectations could be key! 🔑
*   Paving the way for better treatments and support! 💪

It's a huge step towards understanding our own amazing human minds better, building on what we learn from our furry friends. 🐾

As Kenneth Harris from UCLA said, understanding the brain is SO complex, it needs ALL of us working together globally! 🌍 This isn't just about one discovery; it's about building a whole new foundation for brain science. 🏗️

What's your take on this incredible revelation? Share your thoughts below! 👇

#BrainScience #Neuroscience #MindBlown #ScienceDaily #NewResearch #MentalHealthAwareness #DecisionMaking #CognitiveScience #BrainHealth"
"5","professional","friendly_english_v1","x","en",
"5","professional","friendly_english_v1","facebook","en","OMG, guys, did you hear?! 🤯 Our brains are officially WILDER and more incredible than we thought! A brand new study just dropped, totally shaking up what we thought we knew about how we make decisions.

So, get this:
For ages, we kinda thought our brain worked like a pyramid 🔺. Info would flow from lower ""sensory"" areas up to a ""boss"" area to make big decisions. Pretty neat, right?

✨ But nope! ✨

Scientists at the International Brain Research Institute, including the brilliant Alexandre Pouget, just proved it's SO much more collaborative! They found that decision-making isn't just happening in one tiny spot. Instead, it's a huge, coordinated brain-wide party! 🎉 Every part is chiming in.

How'd they figure this out?
*   They used super fancy tech called Neuropixels on 139 mice 🐭 (monitoring over 620,000 neurons across 279 brain areas – talk about detail!).
*   They watched the mice make decisions, and guess what? When a decision happened, signals weren't just in one place.
*   It was like a ""Christmas tree lighting up all at once!"" 🎄 Every signal, everywhere, boom! Instant activation.

The harder the decision, the more parts of the brain lit up – not just sensory areas, but even motor control areas! It's like our brain is pulling all its knowledge and experiences from everywhere to help us figure things out. How cool is that?!

Why is this a HUGE deal?
This isn't just cool science for science's sake! This groundbreaking research (published in two papers in the super prestigious Nature journal!) could totally change how we understand conditions like schizophrenia and autism spectrum disorder. It's giving us new clues about how our brains perceive reality and process expectations. 🌈

Kenneth Harris from UCLA even highlighted how crucial deep collaboration is for understanding our brain's wild complexity. It means we need everyone working together to unlock its full potential!

Isn't it amazing how much we're still learning about the most complex organ in our body? What do YOU think this discovery means for the future of brain science? Tell us in the comments! 👇

#BrainScience #Neuroscience #MindBlown #BrainResearch #NewDiscoveries"
"5","professional","friendly_english_v1","threads","en","OMG, brainiacs! 🧠 Get ready to have your mind blown! 🤯 Scientists just dropped some MAJOR news that could totally change how we think about our brains and how we make decisions!

So, you know how we used to think our brain works like a pyramid, with information flowing up to one 'boss' part for decisions? 🧐 Well, turns out, that might not be the whole story! A super cool new study led by the International Brain Research Institute (IBRI) just shook things up!

Published in the prestigious Nature journal (go check out their two papers! ✨), this research found that when we make decisions:
*   It's not just one specific brain area working its magic.
*   Nope! The ENTIRE brain gets involved in a super complex, totally integrated way! Think of it like a massive team effort, not a solo mission. 🤝

How did they figure this out? They got super techy! 🔬
*   They studied 139 mice (cuties! 🐭).
*   Used advanced 'neuropixel' technology to monitor a whopping 279 brain areas.
*   Recorded signals from over 620,000 individual neurons! That's INSANE detail! 🤯
*   When the mice had to make a decision (like reacting to patterns on a screen), they saw a synchronized 'light show' of activity across the *entire* brain!

And here's the kicker: The harder the task, the more brain areas lit up! Not just the usual sensory parts, but even areas for movement control. This means our brains are probably using all our past experiences, stored everywhere, to process information and predict outcomes at the same time! 💡

This isn't just cool brain facts; it has HUGE implications! 💖
*   It could open new doors to understanding mental health conditions like schizophrenia and autism, which might be linked to how our brains perceive reality and make predictions.
*   Since mouse brains are pretty similar to ours, this is a massive step towards understanding our own complex human minds in a more holistic way! 🧠💭

Even Professor Kenneth Harris from UCLA highlighted how crucial this research is, emphasizing that we need all hands on deck – lots of different research groups working together – to unravel the brain's incredible complexity. 🤝 This study is seriously paving the way for a deeper, more unified understanding of our most mysterious organ! ✨

What do you think about this mind-blowing discovery? Does it change how you see your own thoughts? Share your thoughts below! 👇

#BrainResearch #Neuroscience #MindBlown #BrainFacts #MentalHealth #ScienceNews #FutureOfScience #DecisionMaking #WholeBrain"
"5","professional","friendly_korean_v1","linkedin","kor","여러분, 우리가 어떤 결정을 내릴 때, 뇌가 어떻게 움직이는지 궁금하셨나요? 🧠✨

최근 한겨레에 소개된 따끈따끈한 연구 결과가 뇌 과학의 오랜 상식을 뒤집었어요! 🤩

예전에는 우리가 뭔가를 결정할 때 뇌의 특정 부분만 활성화된다고 생각했었죠? 🧐 마치 뇌가 피라미드처럼 아래에서 위로 순서대로 정보를 처리한다고 봤었고요.

하지만 국제 뇌 연구소 과학자들이 Nature지에 발표한 연구에 따르면, 전혀 아니래요!

결정의 순간, 우리 뇌는 이렇게 움직인대요:
💡 뇌 전체가!
🤝 아주 유기적으로!
🌈 함께 힘을 합쳐!

와, 정말 놀랍지 않나요? 이건 뇌가 한 부분만 일하는 게 아니라, 복잡한 네트워크가 콜라보하는 '팀워크'라는 걸 보여주는 거죠! 👏

어떻게 이런 사실을 알아냈을까요?
🔬 139마리 쥐의 뇌 활동을 관찰했어요.
🐭 무려 62만 개가 넘는 뉴런 신호를 기록했고요.
🌟 첨단 뉴로픽셀 기술로 279개 뇌 영역을 동시에 실시간으로 지켜봤답니다!

실험 결과는 더욱 흥미로워요! 쥐들이 결정을 내릴 때, 뇌 전체에 신경 신호가 순식간에 퍼지는 걸 확인했대요. 연구원 중 한 분은 이걸 ""크리스마스 트리에 불이 한 번에 켜지는 것 같다""고 표현했어요. 🎄✨ 정말 멋진 비유죠?

심지어 과제가 복잡해질수록 뇌 활동 범위도 훨씬 넓어져서, 기본적인 감각 피질부터 운동 제어 센터까지 활성화되었다고 해요.

이 연구 결과가 중요한 이유!
✅ 뇌가 여러 부분에 저장된 경험 데이터를 모아 정보를 처리하고 미래를 예측한다는 걸 보여줘요.
✅ 조현병이나 자폐 스펙트럼 장애처럼 '기대와 현실의 차이를 뇌가 잘못 처리해서 생긴다'고 알려진 정신 질환들을 이해하고 치료하는 데 새로운 길을 열어줄 수 있대요! 🥳
✅ 쥐 뇌랑 사람 뇌가 비슷한 점이 많으니, 우리 인간의 복잡한 인지 능력을 더 깊이 이해하는 데 중요한 첫걸음이 될 거예요! 👣

UCLA 교수님도 뇌는 워낙 복잡해서 여러 연구 기관이 함께 협력해야 한다고 강조했대요. 🤝 다양한 분야의 연구가 모여 뇌의 모든 부분이 어떻게 함께 작동하는지 밝혀낼 수 있다면, 뇌 과학 발전과 정신 질환 치료에 큰 도움이 되겠죠?

여러분은 이 연구 결과에 대해 어떻게 생각하시나요? 우리 뇌가 팀워크의 달인이라니, 정말 신기하지 않아요? 댓글로 함께 이야기 나눠봐요! 👇

#뇌과학 #결정의순간 #뇌의비밀 #최신연구 #뉴런신호"
"5","professional","friendly_korean_v1","x","kor","우리 뇌가 결정을 내릴 때, 사실은 이렇대요! 🤯💡 한겨레에서도 크게 다룬 최신 연구 소식 가져왔어요!

알고 계셨나요? 그동안 뇌는 마치 '피라미드'처럼 아래에서 위로 정보가 흐른다고 생각했었대요. 하지만!! 🙅‍♀️ 최근 연구에 따르면, 결정을 내릴 때 뇌는 한 부분이 아니라 '전체가 함께' 움직인다고 해요. 와우! 🤩

이 놀라운 연구는요,

*   국제 뇌 연구소(International Brain Laboratory)에서 주도했고요. 👩‍🔬👨‍🔬
*   심지어 세계적인 학술지 네이처(Nature)에 두 편이나 실렸다고 해요! 📚✨
*   연구팀은 '뉴로픽셀(Neuropixels)'이라는 최첨단 기술로 139마리 쥐의 뇌를 관찰했대요. 🐭🔬
*   무려 62만 개가 넘는 뉴런 신호를 279개 뇌 영역에서 동시에 기록했다니, 정말 대단하죠? 👍
*   결정하는 순간, 뇌 전체에 신호가 마치 '크리스마스 트리'처럼 동시에 환하게 켜졌다고 해요! 🎄🌟 너무 신기하죠?

이 연구 결과가 왜 중요할까요? 바로 우리의 삶과도 연결되기 때문인데요!

1.  그동안은 뇌의 특정 부분이 모든 걸 담당한다고 생각했지만, 사실은 뇌 전체가 복잡한 네트워크처럼 협력하며 결정을 내린다는 거예요. 💡
2.  이런 새로운 이해는 조현병, 자폐 스펙트럼 같은 정신 질환을 이해하고 치료하는 데 큰 도움이 될 수 있대요. 🧠❤️
3.  쥐의 뇌와 사람의 뇌가 비슷하다는 점을 고려하면, 우리 인간의 복잡한 인지 기능을 이해하는 중요한 발걸음이 될 거랍니다! 👣

UCLA의 케네스 해리스 박사님은 ""뇌는 정말 복잡해서 여러 연구기관이 힘을 합쳐야만 제대로 이해할 수 있다""고 강조하셨대요. 🤝 맞아요, 함께 연구하고 고민할 때 더 큰 발견이 나오겠죠?

여러분은 이 연구 결과에 대해 어떻게 생각하시나요? 우리 뇌, 정말 신비롭지 않나요? 댓글로 의견 남겨주세요! 👇 궁금한 점도 좋아요!

#뇌과학 #결정메커니즘 #뇌연구 #신비로운뇌 #사이언스"
"5","professional","friendly_korean_v1","facebook","kor","여러분, 안녕하세요! ✨ 혹시 우리 뇌가 어떻게 '결정'하는지 궁금하셨나요? 🤔 최근에 정말 놀랍고 흥미로운 뇌 연구 결과가 나왔다고 해요! 🤯 우리 뇌가 작동하는 방식에 대한 기존 생각들을 확 뒤집는 발견이라고 하는데요, 같이 살펴볼까요?

💫 국제뇌연구소 과학자들이 권위 있는 학술지 '네이처'에 무려 두 편의 논문을 발표했어요! ✌️ 이 연구의 핵심은 바로 이것입니다.

*   우리가 어떤 결정을 내릴 때 뇌의 특정 한 부분만 쓰는 게 아니라는 점! 🙅‍♀️
*   오히려 뇌 전체가 마치 오케스트라처럼 🎼 완벽하게 조율된 방식으로 '함께' 움직인다는 사실을 밝혀냈어요! 🧠

옛날에는 뇌가 정보를 피라미드처럼 한 단계씩 위로 보내며 처리한다고 생각했잖아요? 🏛️ 하지만 이번 연구는 뇌의 여러 영역이 복잡하게 연결된 신경망을 통해 '협력적'으로 의사 결정을 한다는 걸 보여준 거죠! 🤝

그럼 어떤 실험을 했을까요? 🧐

*   연구팀은 쥐 139마리를 대상으로 🐭, 뇌 279개 영역을 동시에 모니터링하는 최첨단 뉴로픽셀 기술을 활용했어요! ✨
*   무려 62만 개 이상의 개별 뉴런에서 나오는 신호를 기록하며 뇌 활동을 아주 세밀하게 분석했답니다. 대단하죠? 🔬
*   쥐들이 결정을 내리는 순간, 뇌 전체에 신호가 동시다발적으로 활성화되는 현상을 포착했대요. 한 연구원분은 이걸 마치 크리스마스 트리 🎄에 불이 켜지는 것에 비유하기도 했다는 사실! 🤩
*   과제의 난이도가 높아질수록 뇌의 더 넓은 영역이 '총출동'하는 것도 확인했다고 해요. 뇌가 얼마나 유연하고 똑똑한지 알 수 있죠? 💡

이 연구가 왜 중요할까요? 단순히 기초 과학을 넘어 우리 삶에도 큰 영향을 줄 수 있다고 해요! 💖

*   조현병이나 자폐 스펙트럼 장애 같은 정신 건강 질환의 근본적인 원인을 이해하고 새로운 치료법을 개발하는 데 중요한 실마리가 될 수 있대요. 🙏
*   쥐 뇌와 사람 뇌가 구조적으로나 기능적으로 비슷한 점이 많으니까, 복잡한 인간의 인지 능력을 이해하는 데도 아주 큰 도움이 될 거예요! 🧍‍♀️🧍‍♂️

UCLA의 한 교수님도 ""뇌의 복잡성을 이해하려면 다양한 분야의 기관들이 긴밀하게 협력하는 것이 필수적이다""라고 강조하셨답니다. 🤝 우리 뇌의 모든 요소가 어떻게 통합적으로 작동하는지 밝히기 위한 포괄적인 연구가 계속되어야 한다는 의미겠죠?

이번 연구 덕분에 뇌 기능에 대한 우리의 이해가 한층 더 깊어질 것 같아요! 🚀 앞으로 뇌 과학이 얼마나 더 발전할지 정말 기대됩니다! 😍

여러분은 이번 연구 결과 듣고 어떤 생각이 드시나요? 댓글로 자유롭게 이야기해주세요! 👇

#뇌과학 #뇌연구 #의사결정 #신경과학 #미래과학"
"5","professional","friendly_korean_v1","threads","kor","🤯 우리 뇌가 결정을 내릴 때, 어떤 일이 일어나는지 궁금하셨죠? 🤔 최근 연구 결과가 정말 놀랍다고 해요! 뇌 기능에 대한 우리의 기존 생각들을 완전히 뒤집는 내용이라구요! ✨

국제뇌연구소 과학자분들이 밝혀낸 건데요, 요점은 이거예요! 👇

*   예전에는 뇌의 특정 부분에서만 결정이 이루어진다고 생각했어요. 마치 피라미드처럼 아래에서 위로 정보가 전달되는 식으로요! 🧠➡️
*   그런데 이번 연구는 ""아니야!""라고 말하고 있어요. 뇌 전체가 마치 오케스트라처럼 🎼 협력해서 결정을 내린다는 걸 알아냈답니다!
*   이 중요한 내용은 권위 있는 학술지 '네이처(Nature)'에 무려 두 편이나 실렸다고 하네요? 대단하죠! 🎉

어떻게 이런 걸 알아냈을까요? 🧐

*   연구팀은 🐭 139마리의 설치류 모델로 실험했어요. 첨단 뉴로픽셀 기술을 사용해서 무려 뇌 279개 영역을 동시에 관찰하고, 62만 개 이상의 뉴런 신호를 기록했대요. 정말 디테일하죠? 🔬
*   결과가 정말 흥미로운데요! 설치류가 결정을 내리는 순간, 뇌 전체에서 ⚡️ 신호들이 한꺼번에 '반짝!' 하고 활성화되는 현상을 포착했다고 해요.
*   연구 책임자분 중 한 분인 알렉상드르 푸제 박사님은 이걸 🎄 '크리스마스트리에 불이 켜지는 모습'에 비유하셨답니다. 💡 뇌 전체가 함께 힘을 합쳐 결정을 내린다는 거죠!
*   게다가, 어려운 결정을 할수록 뇌가 더 넓은 영역까지 활성화되면서 감각은 물론 운동 영역까지도 다같이 움직인다고 하네요. 와우! 🤩

그렇다면 이 연구가 우리에게 어떤 의미일까요? 🤔

*   뇌가 결정을 내릴 때 다양한 영역의 경험과 지식을 총동원한다는 뜻이래요. 완전 멀티태스킹 뇌! 🧠✨
*   이건 단순히 뇌과학을 넘어, 우리 정신 건강에도 큰 영향을 줄 수 있어요. 특히 😔 조현병이나 자폐 스펙트럼 장애 같은 질환의 원인을 이해하고 새로운 치료법을 찾는 데 엄청 중요한 단서가 될 수 있다고 합니다.
*   설치류와 우리 뇌가 생각보다 비슷하대요! 그래서 이번 연구가 복잡한 인간의 인지 능력을 전체적으로 이해하는 데 큰 도움이 될 거라구요. 🌐

UCLA의 케네스 해리스 박사님도 이번 연구의 중요성을 강조하시면서, 앞으로는 여러 연구기관이 🤝 손잡고 계속 연구해야 한다고 말씀하셨어요. 뇌는 정말 복잡하니까요! 🧐

이렇게 하나하나 밝혀지는 뇌의 비밀들이 쌓이면, 신경과학 발전은 물론 다양한 정신 건강 문제에 더 나은 해결책을 찾을 수 있겠죠? 정말 기대돼요! 🎉

우리 뇌가 이렇게 신비롭고 복잡하다니, 정말 놀랍지 않나요? 여러분은 뇌의 어떤 부분이 제일 궁금하세요? 댓글로 알려주세요! 👇

#뇌과학 #신경과학 #최신연구 #뇌의비밀 #정신건강 #궁금해요"
